{"cameraMode":{"drawMode":0,"name":"Shaded","section":"Shading Mode"},"sceneLighting":true,"audioPlay":false,"sceneViewState":{"m_AlwaysRefresh":false,"showFog":true,"showSkybox":true,"showFlares":true,"showImageEffects":true,"showParticleSystems":true,"showVisualEffectGraphs":true,"m_FxEnabled":true},"in2DMode":false,"pivot":{"x":-0.8568431735038757,"y":-0.2646419405937195,"z":-4.4030046463012699},"rotation":{"x":0.2975030839443207,"y":0.01488863117992878,"z":-0.0046367826871573929,"w":0.95461106300354},"size":3.5488829612731935,"orthographic":false}