{"cameraMode":{"drawMode":0,"name":"Shaded","section":"Shading Mode"},"sceneLighting":true,"audioPlay":false,"sceneViewState":{"m_AlwaysRefresh":false,"showFog":true,"showSkybox":true,"showFlares":true,"showImageEffects":true,"showParticleSystems":true,"showVisualEffectGraphs":true,"m_FxEnabled":true},"in2DMode":false,"pivot":{"x":0.0622401237487793,"y":-6.3036909103393559,"z":5.16463041305542},"rotation":{"x":-0.27561888098716738,"y":-0.02249319665133953,"z":0.006452425383031368,"w":-0.9609906673431397},"size":10.777859687805176,"orthographic":false}