{"cameraMode":{"drawMode":0,"name":"Shaded","section":"Shading Mode"},"sceneLighting":false,"audioPlay":false,"sceneViewState":{"m_AlwaysRefresh":false,"showFog":true,"showSkybox":false,"showFlares":true,"showImageEffects":true,"showParticleSystems":true,"showVisualEffectGraphs":true,"m_FxEnabled":true},"in2DMode":false,"pivot":{"x":-0.9399999976158142,"y":0.9800000190734863,"z":-5.519999980926514},"rotation":{"x":-0.1704276204109192,"y":0.022757280617952348,"z":-0.003937073051929474,"w":-0.9851000308990479},"size":0.32442569732666018,"orthographic":false}